{"https://maps.googleapis.com/maps/api/geocode/json?address=Ann+Arbor&key=AIzaSyDUIPpWscDIuAYAyKdEU6lQTP01QhC4ez4": "{\n   \"results\" : [\n      {\n         \"address_components\" : [\n            {\n               \"long_name\" : \"Ann Arbor\",\n               \"short_name\" : \"Ann Arbor\",\n               \"types\" : [ \"locality\", \"political\" ]\n            },\n            {\n               \"long_name\" : \"Washtenaw County\",\n               \"short_name\" : \"Washtenaw County\",\n               \"types\" : [ \"administrative_area_level_2\", \"political\" ]\n            },\n            {\n               \"long_name\" : \"Michigan\",\n               \"short_name\" : \"MI\",\n               \"types\" : [ \"administrative_area_level_1\", \"political\" ]\n            },\n            {\n               \"long_name\" : \"United States\",\n               \"short_name\" : \"US\",\n               \"types\" : [ \"country\", \"political\" ]\n            }\n         ],\n         \"formatted_address\" : \"Ann Arbor, MI, USA\",\n         \"geometry\" : {\n            \"bounds\" : {\n               \"northeast\" : {\n                  \"lat\" : 42.3239728,\n                  \"lng\" : -83.6758069\n               },\n               \"southwest\" : {\n                  \"lat\" : 42.222668,\n                  \"lng\" : -83.799572\n               }\n            },\n            \"location\" : {\n               \"lat\" : 42.2808256,\n               \"lng\" : -83.7430378\n            },\n            \"location_type\" : \"APPROXIMATE\",\n            \"viewport\" : {\n               \"northeast\" : {\n                  \"lat\" : 42.3239728,\n                  \"lng\" : -83.6758069\n               },\n               \"southwest\" : {\n                  \"lat\" : 42.222668,\n                  \"lng\" : -83.799572\n               }\n            }\n         },\n         \"place_id\" : \"ChIJMx9D1A2wPIgR4rXIhkb5Cds\",\n         \"types\" : [ \"locality\", \"political\" ]\n      }\n   ],\n   \"status\" : \"OK\"\n}\n", "https://api.darksky.net/forecast/26de71ce03315ba2aaef226b5b655892/42.2808256,-83.7430378": "{\"latitude\":42.2808256,\"longitude\":-83.7430378,\"timezone\":\"America/Detroit\",\"offset\":-4,\"currently\":{\"time\":1492537023,\"summary\":\"Clear\",\"icon\":\"clear-day\",\"nearestStormDistance\":204,\"nearestStormBearing\":291,\"precipIntensity\":0,\"precipProbability\":0,\"temperature\":65.26,\"apparentTemperature\":65.26,\"dewPoint\":46.68,\"humidity\":0.51,\"windSpeed\":9.43,\"windBearing\":124,\"visibility\":10,\"cloudCover\":0.09,\"pressure\":1024.76,\"ozone\":348.87},\"minutely\":{\"summary\":\"Clear for the hour.\",\"icon\":\"clear-day\",\"data\":[{\"time\":1492537020,\"precipIntensity\":0,\"precipProbability\":0},{\"time\":1492537080,\"precipIntensity\":0,\"precipProbability\":0},{\"time\":1492537140,\"precipIntensity\":0,\"precipProbability\":0},{\"time\":1492537200,\"precipIntensity\":0,\"precipProbability\":0},{\"time\":1492537260,\"precipIntensity\":0,\"precipProbability\":0},{\"time\":1492537320,\"precipIntensity\":0,\"precipProbability\":0},{\"time\":1492537380,\"precipIntensity\":0,\"precipProbability\":0},{\"time\":1492537440,\"precipIntensity\":0,\"precipProbability\":0},{\"time\":1492537500,\"precipIntensity\":0,\"precipProbability\":0},{\"time\":1492537560,\"precipIntensity\":0,\"precipProbability\":0},{\"time\":1492537620,\"precipIntensity\":0,\"precipProbability\":0},{\"time\":1492537680,\"precipIntensity\":0,\"precipProbability\":0},{\"time\":1492537740,\"precipIntensity\":0,\"precipProbability\":0},{\"time\":1492537800,\"precipIntensity\":0,\"precipProbability\":0},{\"time\":1492537860,\"precipIntensity\":0,\"precipProbability\":0},{\"time\":1492537920,\"precipIntensity\":0,\"precipProbability\":0},{\"time\":1492537980,\"precipIntensity\":0,\"precipProbability\":0},{\"time\":1492538040,\"precipIntensity\":0,\"precipProbability\":0},{\"time\":1492538100,\"precipIntensity\":0,\"precipProbability\":0},{\"time\":1492538160,\"precipIntensity\":0,\"precipProbability\":0},{\"time\":1492538220,\"precipIntensity\":0,\"precipProbability\":0},{\"time\":1492538280,\"precipIntensity\":0,\"precipProbability\":0},{\"time\":1492538340,\"precipIntensity\":0,\"precipProbability\":0},{\"time\":1492538400,\"precipIntensity\":0,\"precipProbability\":0},{\"time\":1492538460,\"precipIntensity\":0,\"precipProbability\":0},{\"time\":1492538520,\"precipIntensity\":0,\"precipProbability\":0},{\"time\":1492538580,\"precipIntensity\":0,\"precipProbability\":0},{\"time\":1492538640,\"precipIntensity\":0,\"precipProbability\":0},{\"time\":1492538700,\"precipIntensity\":0,\"precipProbability\":0},{\"time\":1492538760,\"precipIntensity\":0,\"precipProbability\":0},{\"time\":1492538820,\"precipIntensity\":0,\"precipProbability\":0},{\"time\":1492538880,\"precipIntensity\":0,\"precipProbability\":0},{\"time\":1492538940,\"precipIntensity\":0,\"precipProbability\":0},{\"time\":1492539000,\"precipIntensity\":0,\"precipProbability\":0},{\"time\":1492539060,\"precipIntensity\":0,\"precipProbability\":0},{\"time\":1492539120,\"precipIntensity\":0,\"precipProbability\":0},{\"time\":1492539180,\"precipIntensity\":0,\"precipProbability\":0},{\"time\":1492539240,\"precipIntensity\":0,\"precipProbability\":0},{\"time\":1492539300,\"precipIntensity\":0,\"precipProbability\":0},{\"time\":1492539360,\"precipIntensity\":0,\"precipProbability\":0},{\"time\":1492539420,\"precipIntensity\":0,\"precipProbability\":0},{\"time\":1492539480,\"precipIntensity\":0,\"precipProbability\":0},{\"time\":1492539540,\"precipIntensity\":0,\"precipProbability\":0},{\"time\":1492539600,\"precipIntensity\":0,\"precipProbability\":0},{\"time\":1492539660,\"precipIntensity\":0,\"precipProbability\":0},{\"time\":1492539720,\"precipIntensity\":0,\"precipProbability\":0},{\"time\":1492539780,\"precipIntensity\":0,\"precipProbability\":0},{\"time\":1492539840,\"precipIntensity\":0,\"precipProbability\":0},{\"time\":1492539900,\"precipIntensity\":0,\"precipProbability\":0},{\"time\":1492539960,\"precipIntensity\":0,\"precipProbability\":0},{\"time\":1492540020,\"precipIntensity\":0,\"precipProbability\":0},{\"time\":1492540080,\"precipIntensity\":0,\"precipProbability\":0},{\"time\":1492540140,\"precipIntensity\":0,\"precipProbability\":0},{\"time\":1492540200,\"precipIntensity\":0,\"precipProbability\":0},{\"time\":1492540260,\"precipIntensity\":0,\"precipProbability\":0},{\"time\":1492540320,\"precipIntensity\":0,\"precipProbability\":0},{\"time\":1492540380,\"precipIntensity\":0,\"precipProbability\":0},{\"time\":1492540440,\"precipIntensity\":0,\"precipProbability\":0},{\"time\":1492540500,\"precipIntensity\":0,\"precipProbability\":0},{\"time\":1492540560,\"precipIntensity\":0,\"precipProbability\":0},{\"time\":1492540620,\"precipIntensity\":0,\"precipProbability\":0}]},\"hourly\":{\"summary\":\"Light rain tomorrow afternoon.\",\"icon\":\"rain\",\"data\":[{\"time\":1492534800,\"summary\":\"Clear\",\"icon\":\"clear-day\",\"precipIntensity\":0,\"precipProbability\":0,\"temperature\":62.41,\"apparentTemperature\":62.41,\"dewPoint\":45.7,\"humidity\":0.54,\"windSpeed\":9.13,\"windBearing\":118,\"visibility\":10,\"cloudCover\":0.04,\"pressure\":1025.49,\"ozone\":349},{\"time\":1492538400,\"summary\":\"Clear\",\"icon\":\"clear-day\",\"precipIntensity\":0,\"precipProbability\":0,\"temperature\":65.26,\"apparentTemperature\":65.26,\"dewPoint\":45.6,\"humidity\":0.49,\"windSpeed\":9.67,\"windBearing\":128,\"visibility\":10,\"cloudCover\":0.13,\"pressure\":1024.31,\"ozone\":348.79},{\"time\":1492542000,\"summary\":\"Clear\",\"icon\":\"clear-day\",\"precipIntensity\":0,\"precipProbability\":0,\"temperature\":68.01,\"apparentTemperature\":68.01,\"dewPoint\":46.82,\"humidity\":0.47,\"windSpeed\":10.45,\"windBearing\":130,\"visibility\":10,\"cloudCover\":0.12,\"pressure\":1023.26,\"ozone\":347.38},{\"time\":1492545600,\"summary\":\"Clear\",\"icon\":\"clear-day\",\"precipIntensity\":0,\"precipProbability\":0,\"temperature\":70.72,\"apparentTemperature\":70.72,\"dewPoint\":48,\"humidity\":0.44,\"windSpeed\":9.94,\"windBearing\":130,\"visibility\":10,\"cloudCover\":0.08,\"pressure\":1022.05,\"ozone\":345.24},{\"time\":1492549200,\"summary\":\"Clear\",\"icon\":\"clear-day\",\"precipIntensity\":0,\"precipProbability\":0,\"temperature\":72.25,\"apparentTemperature\":72.25,\"dewPoint\":48.53,\"humidity\":0.43,\"windSpeed\":11.53,\"windBearing\":125,\"visibility\":10,\"cloudCover\":0.05,\"pressure\":1021.07,\"ozone\":343.2},{\"time\":1492552800,\"summary\":\"Clear\",\"icon\":\"clear-day\",\"precipIntensity\":0,\"precipProbability\":0,\"temperature\":70.77,\"apparentTemperature\":70.77,\"dewPoint\":47.58,\"humidity\":0.44,\"windSpeed\":11.47,\"windBearing\":124,\"visibility\":10,\"cloudCover\":0.16,\"pressure\":1020.46,\"ozone\":341.32},{\"time\":1492556400,\"summary\":\"Partly Cloudy\",\"icon\":\"partly-cloudy-day\",\"precipIntensity\":0,\"precipProbability\":0,\"temperature\":66.84,\"apparentTemperature\":66.84,\"dewPoint\":45.78,\"humidity\":0.47,\"windSpeed\":11.41,\"windBearing\":119,\"visibility\":10,\"cloudCover\":0.35,\"pressure\":1020,\"ozone\":339.53},{\"time\":1492560000,\"summary\":\"Partly Cloudy\",\"icon\":\"partly-cloudy-day\",\"precipIntensity\":0,\"precipProbability\":0,\"temperature\":60.94,\"apparentTemperature\":60.94,\"dewPoint\":42.73,\"humidity\":0.51,\"windSpeed\":10.73,\"windBearing\":117,\"visibility\":10,\"cloudCover\":0.48,\"pressure\":1019.75,\"ozone\":338.39},{\"time\":1492563600,\"summary\":\"Mostly Cloudy\",\"icon\":\"partly-cloudy-night\",\"precipIntensity\":0,\"precipProbability\":0,\"temperature\":57.15,\"apparentTemperature\":57.15,\"dewPoint\":41.43,\"humidity\":0.56,\"windSpeed\":9.81,\"windBearing\":114,\"visibility\":10,\"cloudCover\":0.83,\"pressure\":1019.65,\"ozone\":338.67},{\"time\":1492567200,\"summary\":\"Mostly Cloudy\",\"icon\":\"partly-cloudy-night\",\"precipIntensity\":0,\"precipProbability\":0,\"temperature\":54.88,\"apparentTemperature\":54.88,\"dewPoint\":41.6,\"humidity\":0.61,\"windSpeed\":9.1,\"windBearing\":118,\"visibility\":10,\"cloudCover\":0.88,\"pressure\":1019.63,\"ozone\":339.59},{\"time\":1492570800,\"summary\":\"Mostly Cloudy\",\"icon\":\"partly-cloudy-night\",\"precipIntensity\":0,\"precipProbability\":0,\"temperature\":53.96,\"apparentTemperature\":53.96,\"dewPoint\":41.94,\"humidity\":0.64,\"windSpeed\":8.46,\"windBearing\":119,\"visibility\":10,\"cloudCover\":0.83,\"pressure\":1019.47,\"ozone\":339.48},{\"time\":1492574400,\"summary\":\"Mostly Cloudy\",\"icon\":\"partly-cloudy-night\",\"precipIntensity\":0,\"precipProbability\":0,\"temperature\":54.28,\"apparentTemperature\":54.28,\"dewPoint\":42.96,\"humidity\":0.65,\"windSpeed\":8.01,\"windBearing\":129,\"visibility\":10,\"cloudCover\":0.81,\"pressure\":1019.02,\"ozone\":337.4},{\"time\":1492578000,\"summary\":\"Mostly Cloudy\",\"icon\":\"partly-cloudy-night\",\"precipIntensity\":0,\"precipProbability\":0,\"temperature\":54.42,\"apparentTemperature\":54.42,\"dewPoint\":44.11,\"humidity\":0.68,\"windSpeed\":8.12,\"windBearing\":147,\"visibility\":10,\"cloudCover\":0.82,\"pressure\":1018.44,\"ozone\":334.28},{\"time\":1492581600,\"summary\":\"Mostly Cloudy\",\"icon\":\"partly-cloudy-night\",\"precipIntensity\":0,\"precipProbability\":0,\"temperature\":54.18,\"apparentTemperature\":54.18,\"dewPoint\":45.04,\"humidity\":0.71,\"windSpeed\":7.71,\"windBearing\":162,\"visibility\":10,\"cloudCover\":0.82,\"pressure\":1017.88,\"ozone\":331.25},{\"time\":1492585200,\"summary\":\"Mostly Cloudy\",\"icon\":\"partly-cloudy-night\",\"precipIntensity\":0,\"precipProbability\":0,\"temperature\":53.84,\"apparentTemperature\":53.84,\"dewPoint\":46.82,\"humidity\":0.77,\"windSpeed\":7.9,\"windBearing\":174,\"visibility\":9.57,\"cloudCover\":0.8,\"pressure\":1017.33,\"ozone\":328.63},{\"time\":1492588800,\"summary\":\"Mostly Cloudy\",\"icon\":\"partly-cloudy-night\",\"precipIntensity\":0,\"precipProbability\":0,\"temperature\":54.63,\"apparentTemperature\":54.63,\"dewPoint\":50.19,\"humidity\":0.85,\"windSpeed\":8.5,\"windBearing\":185,\"visibility\":8.93,\"cloudCover\":0.82,\"pressure\":1016.81,\"ozone\":326.1},{\"time\":1492592400,\"summary\":\"Mostly Cloudy\",\"icon\":\"partly-cloudy-night\",\"precipIntensity\":0,\"precipProbability\":0,\"temperature\":55.61,\"apparentTemperature\":55.61,\"dewPoint\":52.31,\"humidity\":0.89,\"windSpeed\":8.92,\"windBearing\":193,\"visibility\":6.53,\"cloudCover\":0.85,\"pressure\":1016.44,\"ozone\":323.82},{\"time\":1492596000,\"summary\":\"Mostly Cloudy\",\"icon\":\"partly-cloudy-night\",\"precipIntensity\":0,\"precipProbability\":0,\"temperature\":56.78,\"apparentTemperature\":56.78,\"dewPoint\":54.04,\"humidity\":0.91,\"windSpeed\":9.4,\"windBearing\":196,\"visibility\":5.94,\"cloudCover\":0.88,\"pressure\":1016.27,\"ozone\":322.02},{\"time\":1492599600,\"summary\":\"Mostly Cloudy\",\"icon\":\"partly-cloudy-day\",\"precipIntensity\":0,\"precipProbability\":0,\"temperature\":57.3,\"apparentTemperature\":57.3,\"dewPoint\":54.41,\"humidity\":0.9,\"windSpeed\":9.4,\"windBearing\":198,\"visibility\":5.58,\"cloudCover\":0.93,\"pressure\":1016.22,\"ozone\":320.46},{\"time\":1492603200,\"summary\":\"Overcast\",\"icon\":\"cloudy\",\"precipIntensity\":0,\"precipProbability\":0,\"temperature\":58.43,\"apparentTemperature\":58.43,\"dewPoint\":55.18,\"humidity\":0.89,\"windSpeed\":9.78,\"windBearing\":200,\"visibility\":5.35,\"cloudCover\":0.96,\"pressure\":1016.19,\"ozone\":318.62},{\"time\":1492606800,\"summary\":\"Overcast\",\"icon\":\"cloudy\",\"precipIntensity\":0,\"precipProbability\":0,\"temperature\":60.49,\"apparentTemperature\":60.49,\"dewPoint\":56.39,\"humidity\":0.86,\"windSpeed\":10.61,\"windBearing\":205,\"visibility\":5.15,\"cloudCover\":0.97,\"pressure\":1016.19,\"ozone\":316.05},{\"time\":1492610400,\"summary\":\"Overcast\",\"icon\":\"cloudy\",\"precipIntensity\":0.001,\"precipProbability\":0.01,\"precipType\":\"rain\",\"temperature\":63.47,\"apparentTemperature\":63.47,\"dewPoint\":58.22,\"humidity\":0.83,\"windSpeed\":11.28,\"windBearing\":211,\"visibility\":5.72,\"cloudCover\":0.96,\"pressure\":1016.2,\"ozone\":313.19},{\"time\":1492614000,\"summary\":\"Overcast\",\"icon\":\"cloudy\",\"precipIntensity\":0.0043,\"precipProbability\":0.17,\"precipType\":\"rain\",\"temperature\":66.51,\"apparentTemperature\":66.51,\"dewPoint\":60.2,\"humidity\":0.8,\"windSpeed\":12.14,\"windBearing\":216,\"visibility\":5.72,\"cloudCover\":0.95,\"pressure\":1016.16,\"ozone\":310.8},{\"time\":1492617600,\"summary\":\"Light Rain\",\"icon\":\"rain\",\"precipIntensity\":0.0126,\"precipProbability\":0.54,\"precipType\":\"rain\",\"temperature\":69.69,\"apparentTemperature\":69.69,\"dewPoint\":61.86,\"humidity\":0.76,\"windSpeed\":12.16,\"windBearing\":222,\"visibility\":5.17,\"cloudCover\":0.94,\"pressure\":1016.01,\"ozone\":309.1},{\"time\":1492621200,\"summary\":\"Light Rain\",\"icon\":\"rain\",\"precipIntensity\":0.0236,\"precipProbability\":0.63,\"precipType\":\"rain\",\"temperature\":73.71,\"apparentTemperature\":73.71,\"dewPoint\":65.76,\"humidity\":0.76,\"windSpeed\":12.44,\"windBearing\":221,\"visibility\":4.34,\"cloudCover\":0.92,\"pressure\":1015.8,\"ozone\":307.86},{\"time\":1492624800,\"summary\":\"Light Rain\",\"icon\":\"rain\",\"precipIntensity\":0.0323,\"precipProbability\":0.67,\"precipType\":\"rain\",\"temperature\":75.78,\"apparentTemperature\":75.78,\"dewPoint\":67.37,\"humidity\":0.75,\"windSpeed\":12.17,\"windBearing\":224,\"visibility\":2.8,\"cloudCover\":0.92,\"pressure\":1015.68,\"ozone\":307.21},{\"time\":1492628400,\"summary\":\"Light Rain\",\"icon\":\"rain\",\"precipIntensity\":0.0378,\"precipProbability\":0.69,\"precipType\":\"rain\",\"temperature\":75.58,\"apparentTemperature\":75.58,\"dewPoint\":67.22,\"humidity\":0.75,\"windSpeed\":10.85,\"windBearing\":234,\"visibility\":1.82,\"cloudCover\":0.94,\"pressure\":1015.63,\"ozone\":307.21},{\"time\":1492632000,\"summary\":\"Light Rain\",\"icon\":\"rain\",\"precipIntensity\":0.041,\"precipProbability\":0.7,\"precipType\":\"rain\",\"temperature\":74.76,\"apparentTemperature\":74.76,\"dewPoint\":66.86,\"humidity\":0.76,\"windSpeed\":9.42,\"windBearing\":253,\"visibility\":1.52,\"cloudCover\":0.97,\"pressure\":1015.64,\"ozone\":307.8},{\"time\":1492635600,\"summary\":\"Light Rain\",\"icon\":\"rain\",\"precipIntensity\":0.0396,\"precipProbability\":0.7,\"precipType\":\"rain\",\"temperature\":73.46,\"apparentTemperature\":73.46,\"dewPoint\":66.28,\"humidity\":0.78,\"windSpeed\":8.53,\"windBearing\":267,\"visibility\":2.17,\"cloudCover\":0.98,\"pressure\":1015.75,\"ozone\":308.81},{\"time\":1492639200,\"summary\":\"Light Rain\",\"icon\":\"rain\",\"precipIntensity\":0.0293,\"precipProbability\":0.66,\"precipType\":\"rain\",\"temperature\":72.18,\"apparentTemperature\":72.18,\"dewPoint\":66.07,\"humidity\":0.81,\"windSpeed\":6.98,\"windBearing\":287,\"visibility\":4.41,\"cloudCover\":0.96,\"pressure\":1016,\"ozone\":310.38},{\"time\":1492642800,\"summary\":\"Light Rain\",\"icon\":\"rain\",\"precipIntensity\":0.0141,\"precipProbability\":0.56,\"precipType\":\"rain\",\"temperature\":70.49,\"apparentTemperature\":70.49,\"dewPoint\":65.61,\"humidity\":0.85,\"windSpeed\":5.21,\"windBearing\":308,\"visibility\":7.64,\"cloudCover\":0.92,\"pressure\":1016.35,\"ozone\":312.38},{\"time\":1492646400,\"summary\":\"Mostly Cloudy\",\"icon\":\"partly-cloudy-day\",\"precipIntensity\":0.0033,\"precipProbability\":0.11,\"precipType\":\"rain\",\"temperature\":68.47,\"apparentTemperature\":68.47,\"dewPoint\":64.54,\"humidity\":0.87,\"windSpeed\":4.16,\"windBearing\":340,\"visibility\":10,\"cloudCover\":0.9,\"pressure\":1016.74,\"ozone\":314.3},{\"time\":1492650000,\"summary\":\"Mostly Cloudy\",\"icon\":\"partly-cloudy-night\",\"precipIntensity\":0,\"precipProbability\":0,\"temperature\":66.06,\"apparentTemperature\":66.06,\"dewPoint\":62.72,\"humidity\":0.89,\"windSpeed\":4.91,\"windBearing\":18,\"visibility\":10,\"cloudCover\":0.92,\"pressure\":1017.26,\"ozone\":316.23},{\"time\":1492653600,\"summary\":\"Overcast\",\"icon\":\"cloudy\",\"precipIntensity\":0.0021,\"precipProbability\":0.05,\"precipType\":\"rain\",\"temperature\":62.64,\"apparentTemperature\":62.64,\"dewPoint\":59.69,\"humidity\":0.9,\"windSpeed\":7.08,\"windBearing\":40,\"visibility\":10,\"cloudCover\":0.96,\"pressure\":1017.81,\"ozone\":318.08},{\"time\":1492657200,\"summary\":\"Drizzle\",\"icon\":\"rain\",\"precipIntensity\":0.0087,\"precipProbability\":0.46,\"precipType\":\"rain\",\"temperature\":59.93,\"apparentTemperature\":59.93,\"dewPoint\":57.18,\"humidity\":0.91,\"windSpeed\":9.18,\"windBearing\":51,\"visibility\":10,\"cloudCover\":0.99,\"pressure\":1018.09,\"ozone\":319.12},{\"time\":1492660800,\"summary\":\"Light Rain\",\"icon\":\"rain\",\"precipIntensity\":0.026,\"precipProbability\":0.64,\"precipType\":\"rain\",\"temperature\":57.37,\"apparentTemperature\":57.37,\"dewPoint\":54.57,\"humidity\":0.9,\"windSpeed\":10.28,\"windBearing\":57,\"visibility\":10,\"cloudCover\":1,\"pressure\":1018.05,\"ozone\":319.1},{\"time\":1492664400,\"summary\":\"Light Rain\",\"icon\":\"rain\",\"precipIntensity\":0.0479,\"precipProbability\":0.72,\"precipType\":\"rain\",\"temperature\":55.02,\"apparentTemperature\":55.02,\"dewPoint\":52,\"humidity\":0.9,\"windSpeed\":10.17,\"windBearing\":60,\"visibility\":10,\"cloudCover\":1,\"pressure\":1017.83,\"ozone\":318.26},{\"time\":1492668000,\"summary\":\"Rain\",\"icon\":\"rain\",\"precipIntensity\":0.0583,\"precipProbability\":0.74,\"precipType\":\"rain\",\"temperature\":53.12,\"apparentTemperature\":53.12,\"dewPoint\":49.97,\"humidity\":0.89,\"windSpeed\":9.38,\"windBearing\":64,\"visibility\":10,\"cloudCover\":0.99,\"pressure\":1017.48,\"ozone\":316.51},{\"time\":1492671600,\"summary\":\"Light Rain\",\"icon\":\"rain\",\"precipIntensity\":0.0465,\"precipProbability\":0.72,\"precipType\":\"rain\",\"temperature\":51.85,\"apparentTemperature\":51.85,\"dewPoint\":48.76,\"humidity\":0.89,\"windSpeed\":8.67,\"windBearing\":75,\"visibility\":10,\"cloudCover\":0.98,\"pressure\":1016.99,\"ozone\":313.16},{\"time\":1492675200,\"summary\":\"Light Rain\",\"icon\":\"rain\",\"precipIntensity\":0.0231,\"precipProbability\":0.63,\"precipType\":\"rain\",\"temperature\":51.27,\"apparentTemperature\":51.27,\"dewPoint\":48.34,\"humidity\":0.9,\"windSpeed\":8.3,\"windBearing\":90,\"visibility\":10,\"cloudCover\":0.95,\"pressure\":1016.37,\"ozone\":308.91},{\"time\":1492678800,\"summary\":\"Drizzle\",\"icon\":\"rain\",\"precipIntensity\":0.0051,\"precipProbability\":0.22,\"precipType\":\"rain\",\"temperature\":51.39,\"apparentTemperature\":51.39,\"dewPoint\":48.67,\"humidity\":0.9,\"windSpeed\":8.21,\"windBearing\":104,\"visibility\":10,\"cloudCover\":0.91,\"pressure\":1015.49,\"ozone\":305.71},{\"time\":1492682400,\"summary\":\"Mostly Cloudy\",\"icon\":\"partly-cloudy-night\",\"precipIntensity\":0,\"precipProbability\":0,\"temperature\":52.05,\"apparentTemperature\":52.05,\"dewPoint\":49.8,\"humidity\":0.92,\"windSpeed\":8.34,\"windBearing\":121,\"visibility\":10,\"cloudCover\":0.86,\"pressure\":1014.48,\"ozone\":304.36},{\"time\":1492686000,\"summary\":\"Mostly Cloudy\",\"icon\":\"partly-cloudy-day\",\"precipIntensity\":0.0012,\"precipProbability\":0.02,\"precipType\":\"rain\",\"temperature\":53.75,\"apparentTemperature\":53.75,\"dewPoint\":52.03,\"humidity\":0.94,\"windSpeed\":8.8,\"windBearing\":139,\"visibility\":10,\"cloudCover\":0.79,\"pressure\":1013.47,\"ozone\":304.07},{\"time\":1492689600,\"summary\":\"Mostly Cloudy\",\"icon\":\"partly-cloudy-day\",\"precipIntensity\":0.0029,\"precipProbability\":0.09,\"precipType\":\"rain\",\"temperature\":56.7,\"apparentTemperature\":56.7,\"dewPoint\":54.99,\"humidity\":0.94,\"windSpeed\":9.56,\"windBearing\":152,\"visibility\":10,\"cloudCover\":0.71,\"pressure\":1012.61,\"ozone\":304.45},{\"time\":1492693200,\"summary\":\"Partly Cloudy\",\"icon\":\"partly-cloudy-day\",\"precipIntensity\":0.0032,\"precipProbability\":0.11,\"precipType\":\"rain\",\"temperature\":61.18,\"apparentTemperature\":61.18,\"dewPoint\":58.47,\"humidity\":0.91,\"windSpeed\":10.06,\"windBearing\":170,\"visibility\":8.39,\"cloudCover\":0.55,\"pressure\":1011.97,\"ozone\":305.72},{\"time\":1492696800,\"summary\":\"Partly Cloudy\",\"icon\":\"partly-cloudy-day\",\"precipIntensity\":0.0043,\"precipProbability\":0.17,\"precipType\":\"rain\",\"temperature\":66.5,\"apparentTemperature\":66.5,\"dewPoint\":62.13,\"humidity\":0.86,\"windSpeed\":11.35,\"windBearing\":192,\"visibility\":6.23,\"cloudCover\":0.35,\"pressure\":1011.45,\"ozone\":307.65},{\"time\":1492700400,\"summary\":\"Drizzle\",\"icon\":\"rain\",\"precipIntensity\":0.0074,\"precipProbability\":0.37,\"precipType\":\"rain\",\"temperature\":71.19,\"apparentTemperature\":71.19,\"dewPoint\":65.02,\"humidity\":0.81,\"windSpeed\":13.44,\"windBearing\":205,\"visibility\":5.16,\"cloudCover\":0.27,\"pressure\":1010.93,\"ozone\":309.21},{\"time\":1492704000,\"summary\":\"Light Rain\",\"icon\":\"rain\",\"precipIntensity\":0.0134,\"precipProbability\":0.55,\"precipType\":\"rain\",\"temperature\":74.56,\"apparentTemperature\":74.56,\"dewPoint\":66.5,\"humidity\":0.76,\"windSpeed\":16.11,\"windBearing\":211,\"visibility\":6.23,\"cloudCover\":0.34,\"pressure\":1010.34,\"ozone\":310.03},{\"time\":1492707600,\"summary\":\"Light Rain\",\"icon\":\"rain\",\"precipIntensity\":0.0215,\"precipProbability\":0.62,\"precipType\":\"rain\",\"temperature\":77.92,\"apparentTemperature\":77.92,\"dewPoint\":67.87,\"humidity\":0.71,\"windSpeed\":17.92,\"windBearing\":216,\"visibility\":8.39,\"cloudCover\":0.53,\"pressure\":1009.78,\"ozone\":310.46}]},\"daily\":{\"summary\":\"Light rain tomorrow through Tuesday, with temperatures peaking at 79\u00b0F on Thursday.\",\"icon\":\"rain\",\"data\":[{\"time\":1492488000,\"summary\":\"Mostly cloudy starting in the evening.\",\"icon\":\"partly-cloudy-night\",\"sunriseTime\":1492512602,\"sunsetTime\":1492561236,\"moonPhase\":0.73,\"precipIntensity\":0,\"precipIntensityMax\":0,\"precipProbability\":0,\"temperatureMin\":37.7,\"temperatureMinTime\":1492513200,\"temperatureMax\":72.25,\"temperatureMaxTime\":1492549200,\"apparentTemperatureMin\":33.92,\"apparentTemperatureMinTime\":1492509600,\"apparentTemperatureMax\":72.25,\"apparentTemperatureMaxTime\":1492549200,\"dewPoint\":41.36,\"humidity\":0.67,\"windSpeed\":7.15,\"windBearing\":106,\"visibility\":9.87,\"cloudCover\":0.21,\"pressure\":1023.88,\"ozone\":345.91},{\"time\":1492574400,\"summary\":\"Rain starting in the afternoon.\",\"icon\":\"rain\",\"sunriseTime\":1492598909,\"sunsetTime\":1492647704,\"moonPhase\":0.76,\"precipIntensity\":0.0105,\"precipIntensityMax\":0.041,\"precipIntensityMaxTime\":1492632000,\"precipProbability\":0.7,\"precipType\":\"rain\",\"temperatureMin\":53.84,\"temperatureMinTime\":1492585200,\"temperatureMax\":75.78,\"temperatureMaxTime\":1492624800,\"apparentTemperatureMin\":53.84,\"apparentTemperatureMinTime\":1492585200,\"apparentTemperatureMax\":75.78,\"apparentTemperatureMaxTime\":1492624800,\"dewPoint\":57.96,\"humidity\":0.81,\"windSpeed\":5.41,\"windBearing\":210,\"visibility\":6.63,\"cloudCover\":0.91,\"pressure\":1016.66,\"ozone\":317.55},{\"time\":1492660800,\"summary\":\"Rain throughout the day and breezy in the afternoon.\",\"icon\":\"rain\",\"sunriseTime\":1492685217,\"sunsetTime\":1492734172,\"moonPhase\":0.79,\"precipIntensity\":0.0254,\"precipIntensityMax\":0.059,\"precipIntensityMaxTime\":1492722000,\"precipProbability\":0.74,\"precipType\":\"rain\",\"temperatureMin\":50.59,\"temperatureMinTime\":1492743600,\"temperatureMax\":78.66,\"temperatureMaxTime\":1492711200,\"apparentTemperatureMin\":50.59,\"apparentTemperatureMinTime\":1492743600,\"apparentTemperatureMax\":78.66,\"apparentTemperatureMaxTime\":1492711200,\"dewPoint\":56.03,\"humidity\":0.82,\"windSpeed\":6.91,\"windBearing\":219,\"visibility\":9.39,\"cloudCover\":0.69,\"pressure\":1011.9,\"ozone\":312.91},{\"time\":1492747200,\"summary\":\"Mostly cloudy throughout the day.\",\"icon\":\"partly-cloudy-day\",\"sunriseTime\":1492771526,\"sunsetTime\":1492820640,\"moonPhase\":0.83,\"precipIntensity\":0.0009,\"precipIntensityMax\":0.0019,\"precipIntensityMaxTime\":1492772400,\"precipProbability\":0.04,\"precipType\":\"rain\",\"temperatureMin\":43.02,\"temperatureMinTime\":1492772400,\"temperatureMax\":58.67,\"temperatureMaxTime\":1492804800,\"apparentTemperatureMin\":35.23,\"apparentTemperatureMinTime\":1492772400,\"apparentTemperatureMax\":58.67,\"apparentTemperatureMaxTime\":1492804800,\"dewPoint\":41.04,\"humidity\":0.73,\"windSpeed\":14.34,\"windBearing\":285,\"visibility\":10,\"cloudCover\":0.75,\"pressure\":1014.44,\"ozone\":345.95},{\"time\":1492833600,\"summary\":\"Overcast throughout the day.\",\"icon\":\"cloudy\",\"sunriseTime\":1492857836,\"sunsetTime\":1492907107,\"moonPhase\":0.86,\"precipIntensity\":0.0018,\"precipIntensityMax\":0.0034,\"precipIntensityMaxTime\":1492887600,\"precipProbability\":0.12,\"precipType\":\"rain\",\"temperatureMin\":42.62,\"temperatureMinTime\":1492858800,\"temperatureMax\":54.01,\"temperatureMaxTime\":1492891200,\"apparentTemperatureMin\":36.45,\"apparentTemperatureMinTime\":1492858800,\"apparentTemperatureMax\":54.01,\"apparentTemperatureMaxTime\":1492891200,\"dewPoint\":40.73,\"humidity\":0.8,\"windSpeed\":10.23,\"windBearing\":35,\"cloudCover\":1,\"pressure\":1020.62,\"ozone\":351.15},{\"time\":1492920000,\"summary\":\"Partly cloudy in the afternoon.\",\"icon\":\"partly-cloudy-day\",\"sunriseTime\":1492944146,\"sunsetTime\":1492993575,\"moonPhase\":0.9,\"precipIntensity\":0.0027,\"precipIntensityMax\":0.0041,\"precipIntensityMaxTime\":1492945200,\"precipProbability\":0.16,\"precipType\":\"rain\",\"temperatureMin\":39.22,\"temperatureMinTime\":1492941600,\"temperatureMax\":63.66,\"temperatureMaxTime\":1492981200,\"apparentTemperatureMin\":33.13,\"apparentTemperatureMinTime\":1492941600,\"apparentTemperatureMax\":63.66,\"apparentTemperatureMaxTime\":1492981200,\"dewPoint\":43.73,\"humidity\":0.8,\"windSpeed\":9.22,\"windBearing\":28,\"cloudCover\":0.27,\"pressure\":1017.04,\"ozone\":357.48},{\"time\":1493006400,\"summary\":\"Clear throughout the day.\",\"icon\":\"clear-day\",\"sunriseTime\":1493030458,\"sunsetTime\":1493080043,\"moonPhase\":0.93,\"precipIntensity\":0.0024,\"precipIntensityMax\":0.0043,\"precipIntensityMaxTime\":1493085600,\"precipProbability\":0.17,\"precipType\":\"rain\",\"temperatureMin\":38.01,\"temperatureMinTime\":1493089200,\"temperatureMax\":55.19,\"temperatureMaxTime\":1493064000,\"apparentTemperatureMin\":31.28,\"apparentTemperatureMinTime\":1493031600,\"apparentTemperatureMax\":55.19,\"apparentTemperatureMaxTime\":1493064000,\"dewPoint\":37.21,\"humidity\":0.76,\"windSpeed\":9.35,\"windBearing\":34,\"cloudCover\":0.02,\"pressure\":1019.06,\"ozone\":350.51},{\"time\":1493092800,\"summary\":\"Light rain starting in the evening.\",\"icon\":\"rain\",\"sunriseTime\":1493116771,\"sunsetTime\":1493166511,\"moonPhase\":0.97,\"precipIntensity\":0.0051,\"precipIntensityMax\":0.0171,\"precipIntensityMaxTime\":1493164800,\"precipProbability\":0.58,\"precipType\":\"rain\",\"temperatureMin\":36.37,\"temperatureMinTime\":1493107200,\"temperatureMax\":62.35,\"temperatureMaxTime\":1493157600,\"apparentTemperatureMin\":30.87,\"apparentTemperatureMinTime\":1493107200,\"apparentTemperatureMax\":62.35,\"apparentTemperatureMaxTime\":1493157600,\"dewPoint\":42.66,\"humidity\":0.8,\"windSpeed\":6.89,\"windBearing\":138,\"cloudCover\":0.71,\"pressure\":1012.79,\"ozone\":363.32}]},\"flags\":{\"sources\":[\"lamp\",\"gfs\",\"cmc\",\"nam\",\"rap\",\"rtma\",\"sref\",\"fnmoc\",\"isd\",\"madis\",\"nearest-precip\",\"nwspa\",\"darksky\"],\"lamp-stations\":[\"KADG\",\"KARB\",\"KDET\",\"KDTW\",\"KDUH\",\"KJXN\",\"KONZ\",\"KOZW\",\"KPTK\",\"KTTF\",\"KVLL\",\"KYIP\"],\"isd-stations\":[\"725370-94847\",\"725373-54819\",\"725373-99999\",\"725374-94889\",\"725376-14853\",\"725378-04887\",\"725378-99999\",\"725404-04847\",\"725418-54823\",\"725418-99999\",\"726320-99999\",\"726375-94817\",\"726375-99999\",\"999999-14853\",\"999999-14856\",\"999999-94847\"],\"madis-stations\":[\"A1065\",\"A1665\",\"AN319\",\"AS958\",\"AV059\",\"C3313\",\"C3800\",\"C4874\",\"D4285\",\"D6421\",\"D7729\",\"E0545\",\"E1607\",\"E7883\",\"KARB\",\"KYIP\"],\"units\":\"us\"}}"}